<?xml version="1.0" encoding="UTF-8"?>
<export version="E">
  <design>
    <source>C:\Users\Jeremy\Documents\PCB Designs\Amiga500 Mod PCB Rev A.kicad_sch</source>
    <date>5/14/2022 9:10:37 PM</date>
    <tool>Eeschema (6.0.2)</tool>
    <sheet number="1" name="/" tstamps="/">
      <title_block>
        <title/>
        <company/>
        <rev/>
        <date/>
        <source>Amiga500 Mod PCB Rev A.kicad_sch</source>
        <comment number="1" value=""/>
        <comment number="2" value=""/>
        <comment number="3" value=""/>
        <comment number="4" value=""/>
        <comment number="5" value=""/>
        <comment number="6" value=""/>
        <comment number="7" value=""/>
        <comment number="8" value=""/>
        <comment number="9" value=""/>
      </title_block>
    </sheet>
  </design>
  <components>
    <comp ref="FID1">
      <value>Fiducial</value>
      <footprint>Fiducial:Fiducial_0.5mm_Mask1.5mm</footprint>
      <libsource lib="Mechanical" part="Fiducial" description="Fiducial Marker"/>
      <property name="Sheetname" value=""/>
      <property name="Sheetfile" value="Amiga500 Mod PCB Rev A.kicad_sch"/>
      <sheetpath names="/" tstamps="/"/>
      <tstamps>b24c67bf-acb7-486e-9d7b-fb513b8c7fc6</tstamps>
    </comp>
    <comp ref="J1">
      <value>DC04S019JA1R600</value>
      <footprint>SnapEDA Library:JAE_DC04S019JA1R600</footprint>
      <fields>
        <field name="MANUFACTURER">JAE</field>
        <field name="MAXIMUM_PACKAGE_HEIGHT">6.3 mm</field>
        <field name="PARTREV">1</field>
        <field name="STANDARD">Manufacturer Recommendations</field>
      </fields>
      <libsource lib="JP Symbol Library" part="DC04S019JA1R600_2" description=""/>
      <property name="PARTREV" value="1"/>
      <property name="MAXIMUM_PACKAGE_HEIGHT" value="6.3 mm"/>
      <property name="MANUFACTURER" value="JAE"/>
      <property name="STANDARD" value="Manufacturer Recommendations"/>
      <property name="Sheetname" value=""/>
      <property name="Sheetfile" value="Amiga500 Mod PCB Rev A.kicad_sch"/>
      <sheetpath names="/" tstamps="/"/>
      <tstamps>e5e5220d-5b7e-47da-a902-b997ec8d4d58</tstamps>
    </comp>
    <comp ref="J2">
      <value>2013978-1</value>
      <footprint>SnapEDA Library:TE_2013978-1</footprint>
      <fields>
        <field name="MANUFACTURER">TE Connectivity</field>
        <field name="MAXIMUM_PACKAGE_HEIGHT">3.45mm</field>
        <field name="PARTREV">B1</field>
        <field name="STANDARD">Manufacturer recommendations</field>
      </fields>
      <libsource lib="2013978-1" part="2013978-1" description=""/>
      <property name="PARTREV" value="B1"/>
      <property name="MAXIMUM_PACKAGE_HEIGHT" value="3.45mm"/>
      <property name="MANUFACTURER" value="TE Connectivity"/>
      <property name="STANDARD" value="Manufacturer recommendations"/>
      <property name="Sheetname" value=""/>
      <property name="Sheetfile" value="Amiga500 Mod PCB Rev A.kicad_sch"/>
      <sheetpath names="/" tstamps="/"/>
      <tstamps>99754b5a-d3f9-4951-abfb-b6120d6ad026</tstamps>
    </comp>
    <comp ref="J3">
      <value>Conn_01x02_Male</value>
      <footprint>Connector_PinHeader_2.54mm:PinHeader_1x02_P2.54mm_Vertical</footprint>
      <libsource lib="Connector" part="Conn_01x02_Male" description="Generic connector, single row, 01x02, script generated (kicad-library-utils/schlib/autogen/connector/)"/>
      <property name="Sheetname" value=""/>
      <property name="Sheetfile" value="Amiga500 Mod PCB Rev A.kicad_sch"/>
      <sheetpath names="/" tstamps="/"/>
      <tstamps>376798a1-ccae-4106-ba31-ac45304a8346</tstamps>
    </comp>
    <comp ref="J4">
      <value>Conn_01x04_Male</value>
      <footprint>Connector_PinHeader_2.54mm:PinHeader_1x04_P2.54mm_Vertical</footprint>
      <libsource lib="Connector" part="Conn_01x04_Male" description="Generic connector, single row, 01x04, script generated (kicad-library-utils/schlib/autogen/connector/)"/>
      <property name="Sheetname" value=""/>
      <property name="Sheetfile" value="Amiga500 Mod PCB Rev A.kicad_sch"/>
      <sheetpath names="/" tstamps="/"/>
      <tstamps>4308994a-5f06-4628-af8b-513b48e124e0</tstamps>
    </comp>
    <comp ref="J5">
      <value>Conn_01x04_Male</value>
      <footprint>Connector_PinHeader_2.54mm:PinHeader_1x04_P2.54mm_Vertical</footprint>
      <libsource lib="Connector" part="Conn_01x04_Male" description="Generic connector, single row, 01x04, script generated (kicad-library-utils/schlib/autogen/connector/)"/>
      <property name="Sheetname" value=""/>
      <property name="Sheetfile" value="Amiga500 Mod PCB Rev A.kicad_sch"/>
      <sheetpath names="/" tstamps="/"/>
      <tstamps>7d599c22-2abc-46d3-a395-c79b9ab4e9ee</tstamps>
    </comp>
    <comp ref="J6">
      <value>Screw_Terminal_01x04</value>
      <footprint>JP Library:Keystone 4-40 screw terminal</footprint>
      <libsource lib="Connector" part="Screw_Terminal_01x04" description="Generic screw terminal, single row, 01x04, script generated (kicad-library-utils/schlib/autogen/connector/)"/>
      <property name="Sheetname" value=""/>
      <property name="Sheetfile" value="Amiga500 Mod PCB Rev A.kicad_sch"/>
      <sheetpath names="/" tstamps="/"/>
      <tstamps>8f9aca01-53aa-40a5-a852-68dc5b83c87f</tstamps>
    </comp>
    <comp ref="J7">
      <value>Screw_Terminal_01x04</value>
      <footprint>JP Library:Keystone 4-40 screw terminal</footprint>
      <libsource lib="Connector" part="Screw_Terminal_01x04" description="Generic screw terminal, single row, 01x04, script generated (kicad-library-utils/schlib/autogen/connector/)"/>
      <property name="Sheetname" value=""/>
      <property name="Sheetfile" value="Amiga500 Mod PCB Rev A.kicad_sch"/>
      <sheetpath names="/" tstamps="/"/>
      <tstamps>2a5ba99d-a8d2-4103-8e24-a8b3aa37b1ff</tstamps>
    </comp>
    <comp ref="SW1">
      <value>SW_Push</value>
      <footprint>JP Library:SPST 800BWSP9SM6RE</footprint>
      <libsource lib="Switch" part="SW_Push" description="Push button switch, generic, two pins"/>
      <property name="Sheetname" value=""/>
      <property name="Sheetfile" value="Amiga500 Mod PCB Rev A.kicad_sch"/>
      <sheetpath names="/" tstamps="/"/>
      <tstamps>ba654983-0860-4acc-9db2-0dd0b4c6dbb2</tstamps>
    </comp>
    <comp ref="SW2">
      <value>SW_SP3T</value>
      <footprint>JP Library:SP3T CL-SB-13B-11T</footprint>
      <libsource lib="Switch" part="SW_SP3T" description="Switch, three position, single pole triple throw, 3 position switch, SP3T"/>
      <property name="Sheetname" value=""/>
      <property name="Sheetfile" value="Amiga500 Mod PCB Rev A.kicad_sch"/>
      <sheetpath names="/" tstamps="/"/>
      <tstamps>fc17d2aa-ad87-4897-8bb0-2e7761e687ee</tstamps>
    </comp>
    <comp ref="SW3">
      <value>SW_DPDT_x2</value>
      <footprint>JP Library:DPDT CL-SB-22B-12T</footprint>
      <libsource lib="Switch" part="SW_DPDT_x2" description="Switch, dual pole double throw, separate symbols"/>
      <property name="Sheetname" value=""/>
      <property name="Sheetfile" value="Amiga500 Mod PCB Rev A.kicad_sch"/>
      <sheetpath names="/" tstamps="/"/>
      <tstamps>c44784ec-5ec9-4a24-85df-f5e43c4ae2f1 8e2edabc-ee59-406c-bbbe-3d91c2a1f2d0</tstamps>
    </comp>
  </components>
  <libparts>
    <libpart lib="2013978-1" part="2013978-1">
      <fields>
        <field name="Reference">J2</field>
        <field name="Value">2013978-1</field>
        <field name="Footprint">SnapEDA Library:TE_2013978-1</field>
        <field name="PARTREV">B1</field>
        <field name="MAXIMUM_PACKAGE_HEIGHT">3.45mm</field>
        <field name="MANUFACTURER">TE Connectivity</field>
        <field name="STANDARD">Manufacturer recommendations</field>
      </fields>
      <pins>
        <pin num="1" name="1" type="passive"/>
        <pin num="2" name="2" type="passive"/>
        <pin num="3" name="3" type="passive"/>
        <pin num="4" name="4" type="passive"/>
        <pin num="5" name="5" type="passive"/>
        <pin num="6" name="6" type="passive"/>
        <pin num="7" name="7" type="passive"/>
        <pin num="8" name="8" type="passive"/>
        <pin num="9" name="9" type="passive"/>
        <pin num="10" name="10" type="passive"/>
        <pin num="11" name="11" type="passive"/>
        <pin num="12" name="12" type="passive"/>
        <pin num="13" name="13" type="passive"/>
        <pin num="14" name="14" type="passive"/>
        <pin num="15" name="15" type="passive"/>
        <pin num="16" name="16" type="passive"/>
        <pin num="17" name="17" type="passive"/>
        <pin num="18" name="18" type="passive"/>
        <pin num="19" name="19" type="passive"/>
        <pin num="S1" name="SHIELD" type="passive"/>
        <pin num="S2" name="SHIELD" type="passive"/>
        <pin num="S3" name="SHIELD" type="passive"/>
        <pin num="S4" name="SHIELD" type="passive"/>
      </pins>
    </libpart>
    <libpart lib="Connector" part="Conn_01x02_Male">
      <description>Generic connector, single row, 01x02, script generated (kicad-library-utils/schlib/autogen/connector/)</description>
      <docs>~</docs>
      <footprints>
        <fp>Connector*:*_1x??_*</fp>
      </footprints>
      <fields>
        <field name="Reference">J</field>
        <field name="Value">Conn_01x02_Male</field>
        <field name="Datasheet">~</field>
      </fields>
      <pins>
        <pin num="1" name="Pin_1" type="passive"/>
        <pin num="2" name="Pin_2" type="passive"/>
      </pins>
    </libpart>
    <libpart lib="Connector" part="Conn_01x04_Male">
      <description>Generic connector, single row, 01x04, script generated (kicad-library-utils/schlib/autogen/connector/)</description>
      <docs>~</docs>
      <footprints>
        <fp>Connector*:*_1x??_*</fp>
      </footprints>
      <fields>
        <field name="Reference">J</field>
        <field name="Value">Conn_01x04_Male</field>
        <field name="Datasheet">~</field>
      </fields>
      <pins>
        <pin num="1" name="Pin_1" type="passive"/>
        <pin num="2" name="Pin_2" type="passive"/>
        <pin num="3" name="Pin_3" type="passive"/>
        <pin num="4" name="Pin_4" type="passive"/>
      </pins>
    </libpart>
    <libpart lib="Connector" part="Screw_Terminal_01x04">
      <description>Generic screw terminal, single row, 01x04, script generated (kicad-library-utils/schlib/autogen/connector/)</description>
      <docs>~</docs>
      <footprints>
        <fp>TerminalBlock*:*</fp>
      </footprints>
      <fields>
        <field name="Reference">J</field>
        <field name="Value">Screw_Terminal_01x04</field>
        <field name="Datasheet">~</field>
      </fields>
      <pins>
        <pin num="1" name="Pin_1" type="passive"/>
        <pin num="2" name="Pin_2" type="passive"/>
        <pin num="3" name="Pin_3" type="passive"/>
        <pin num="4" name="Pin_4" type="passive"/>
      </pins>
    </libpart>
    <libpart lib="JP Symbol Library" part="DC04S019JA1R600_2">
      <fields>
        <field name="Reference">J1</field>
        <field name="Value">DC04S019JA1R600</field>
        <field name="Footprint">SnapEDA Library:JAE_DC04S019JA1R600</field>
        <field name="PARTREV">1</field>
        <field name="MAXIMUM_PACKAGE_HEIGHT">6.3 mm</field>
        <field name="MANUFACTURER">JAE</field>
        <field name="STANDARD">Manufacturer Recommendations</field>
      </fields>
      <pins>
        <pin num="1" name="1" type="passive"/>
        <pin num="2" name="2" type="passive"/>
        <pin num="3" name="3" type="passive"/>
        <pin num="4" name="4" type="passive"/>
        <pin num="5" name="5" type="passive"/>
        <pin num="6" name="6" type="passive"/>
        <pin num="7" name="7" type="passive"/>
        <pin num="8" name="8" type="passive"/>
        <pin num="9" name="9" type="passive"/>
        <pin num="10" name="10" type="passive"/>
        <pin num="11" name="11" type="passive"/>
        <pin num="12" name="12" type="passive"/>
        <pin num="13" name="13" type="passive"/>
        <pin num="14" name="14" type="passive"/>
        <pin num="15" name="15" type="passive"/>
        <pin num="16" name="16" type="passive"/>
        <pin num="17" name="17" type="passive"/>
        <pin num="18" name="18" type="passive"/>
        <pin num="19" name="19" type="passive"/>
        <pin num="S1" name="S1" type="passive"/>
        <pin num="S2" name="S2" type="passive"/>
        <pin num="S3" name="S3" type="passive"/>
        <pin num="S4" name="S4" type="passive"/>
      </pins>
    </libpart>
    <libpart lib="Mechanical" part="Fiducial">
      <description>Fiducial Marker</description>
      <docs>~</docs>
      <footprints>
        <fp>Fiducial*</fp>
      </footprints>
      <fields>
        <field name="Reference">FID</field>
        <field name="Value">Fiducial</field>
        <field name="Datasheet">~</field>
      </fields>
    </libpart>
    <libpart lib="Switch" part="SW_DPDT_x2">
      <description>Switch, dual pole double throw, separate symbols</description>
      <docs>~</docs>
      <footprints>
        <fp>SW*DPDT*</fp>
      </footprints>
      <fields>
        <field name="Reference">SW</field>
        <field name="Value">SW_DPDT_x2</field>
        <field name="Datasheet">~</field>
      </fields>
      <pins>
        <pin num="1" name="A" type="passive"/>
        <pin num="2" name="B" type="passive"/>
        <pin num="3" name="C" type="passive"/>
        <pin num="4" name="A" type="passive"/>
        <pin num="5" name="B" type="passive"/>
        <pin num="6" name="C" type="passive"/>
      </pins>
    </libpart>
    <libpart lib="Switch" part="SW_Push">
      <description>Push button switch, generic, two pins</description>
      <docs>~</docs>
      <fields>
        <field name="Reference">SW</field>
        <field name="Value">SW_Push</field>
        <field name="Datasheet">~</field>
      </fields>
      <pins>
        <pin num="1" name="1" type="passive"/>
        <pin num="2" name="2" type="passive"/>
      </pins>
    </libpart>
    <libpart lib="Switch" part="SW_SP3T">
      <description>Switch, three position, single pole triple throw, 3 position switch, SP3T</description>
      <docs>~</docs>
      <footprints>
        <fp>SW*</fp>
        <fp>SP3T*</fp>
      </footprints>
      <fields>
        <field name="Reference">SW</field>
        <field name="Value">SW_SP3T</field>
        <field name="Datasheet">~</field>
      </fields>
      <pins>
        <pin num="1" name="1" type="passive"/>
        <pin num="2" name="2" type="passive"/>
        <pin num="3" name="3" type="passive"/>
        <pin num="4" name="4" type="passive"/>
      </pins>
    </libpart>
  </libparts>
  <libraries>
    <library logical="2013978-1">
      <uri>C:/Users/Jeremy/SnapEDA Kicad Plugin/KiCad Library/SnapEDA Library/2013978-1.lib</uri>
    </library>
    <library logical="Connector">
      <uri>C:\Program Files\KiCad\6.0\share\kicad\symbols\/Connector.kicad_sym</uri>
    </library>
    <library logical="JP Symbol Library">
      <uri>C:\Users\Jeremy\Documents\PCB Designs/JP Symbol Library.kicad_sym</uri>
    </library>
    <library logical="Mechanical">
      <uri>C:\Program Files\KiCad\6.0\share\kicad\symbols\/Mechanical.kicad_sym</uri>
    </library>
    <library logical="Switch">
      <uri>C:\Program Files\KiCad\6.0\share\kicad\symbols\/Switch.kicad_sym</uri>
    </library>
  </libraries>
  <nets>
    <net code="1" name="/+5V Power">
      <node ref="J1" pin="18" pinfunction="18" pintype="passive"/>
      <node ref="J2" pin="18" pinfunction="18" pintype="passive"/>
    </net>
    <net code="2" name="/CEC">
      <node ref="J1" pin="13" pinfunction="13" pintype="passive"/>
      <node ref="J2" pin="14" pinfunction="14" pintype="passive"/>
    </net>
    <net code="3" name="/CEC Ground">
      <node ref="J1" pin="17" pinfunction="17" pintype="passive"/>
      <node ref="J2" pin="13" pinfunction="13" pintype="passive"/>
    </net>
    <net code="4" name="/HEAC+">
      <node ref="J1" pin="14" pinfunction="14" pintype="passive"/>
      <node ref="J2" pin="17" pinfunction="17" pintype="passive"/>
    </net>
    <net code="5" name="/Plug Detect">
      <node ref="J1" pin="19" pinfunction="19" pintype="passive"/>
      <node ref="J2" pin="19" pinfunction="19" pintype="passive"/>
    </net>
    <net code="6" name="/SCL">
      <node ref="J1" pin="15" pinfunction="15" pintype="passive"/>
      <node ref="J2" pin="15" pinfunction="15" pintype="passive"/>
    </net>
    <net code="7" name="/SDA">
      <node ref="J1" pin="16" pinfunction="16" pintype="passive"/>
      <node ref="J2" pin="16" pinfunction="16" pintype="passive"/>
    </net>
    <net code="8" name="/TMDS Clock shield">
      <node ref="J1" pin="11" pinfunction="11" pintype="passive"/>
      <node ref="J2" pin="10" pinfunction="10" pintype="passive"/>
    </net>
    <net code="9" name="/TMDS Clock+">
      <node ref="J1" pin="10" pinfunction="10" pintype="passive"/>
      <node ref="J2" pin="11" pinfunction="11" pintype="passive"/>
    </net>
    <net code="10" name="/TMDS Clock-">
      <node ref="J1" pin="12" pinfunction="12" pintype="passive"/>
      <node ref="J2" pin="12" pinfunction="12" pintype="passive"/>
    </net>
    <net code="11" name="/TMDS Data0 shield">
      <node ref="J1" pin="8" pinfunction="8" pintype="passive"/>
      <node ref="J2" pin="7" pinfunction="7" pintype="passive"/>
    </net>
    <net code="12" name="/TMDS Data0+">
      <node ref="J1" pin="7" pinfunction="7" pintype="passive"/>
      <node ref="J2" pin="8" pinfunction="8" pintype="passive"/>
    </net>
    <net code="13" name="/TMDS Data0-">
      <node ref="J1" pin="9" pinfunction="9" pintype="passive"/>
      <node ref="J2" pin="9" pinfunction="9" pintype="passive"/>
    </net>
    <net code="14" name="/TMDS Data1 shield">
      <node ref="J1" pin="5" pinfunction="5" pintype="passive"/>
      <node ref="J2" pin="4" pinfunction="4" pintype="passive"/>
    </net>
    <net code="15" name="/TMDS Data1+">
      <node ref="J1" pin="4" pinfunction="4" pintype="passive"/>
      <node ref="J2" pin="5" pinfunction="5" pintype="passive"/>
    </net>
    <net code="16" name="/TMDS Data1-">
      <node ref="J1" pin="6" pinfunction="6" pintype="passive"/>
      <node ref="J2" pin="6" pinfunction="6" pintype="passive"/>
    </net>
    <net code="17" name="/TMDS Data2 shield">
      <node ref="J1" pin="2" pinfunction="2" pintype="passive"/>
      <node ref="J2" pin="1" pinfunction="1" pintype="passive"/>
    </net>
    <net code="18" name="/TMDS_Data2+">
      <node ref="J1" pin="1" pinfunction="1" pintype="passive"/>
      <node ref="J2" pin="2" pinfunction="2" pintype="passive"/>
    </net>
    <net code="19" name="/TMDS_Data2-">
      <node ref="J1" pin="3" pinfunction="3" pintype="passive"/>
      <node ref="J2" pin="3" pinfunction="3" pintype="passive"/>
    </net>
    <net code="20" name="GNDREF">
      <node ref="J1" pin="S1" pinfunction="S1" pintype="passive"/>
      <node ref="J1" pin="S2" pinfunction="S2" pintype="passive"/>
      <node ref="J1" pin="S3" pinfunction="S3" pintype="passive"/>
      <node ref="J1" pin="S4" pinfunction="S4" pintype="passive"/>
      <node ref="J2" pin="S1" pinfunction="SHIELD" pintype="passive"/>
      <node ref="J2" pin="S2" pinfunction="SHIELD" pintype="passive"/>
      <node ref="J2" pin="S3" pinfunction="SHIELD" pintype="passive"/>
      <node ref="J2" pin="S4" pinfunction="SHIELD" pintype="passive"/>
    </net>
    <net code="21" name="Net-(J3-Pad1)">
      <node ref="J3" pin="1" pinfunction="Pin_1" pintype="passive"/>
      <node ref="SW1" pin="1" pinfunction="1" pintype="passive"/>
    </net>
    <net code="22" name="Net-(J3-Pad2)">
      <node ref="J3" pin="2" pinfunction="Pin_2" pintype="passive"/>
      <node ref="SW1" pin="2" pinfunction="2" pintype="passive"/>
    </net>
    <net code="23" name="Net-(J4-Pad1)">
      <node ref="J4" pin="1" pinfunction="Pin_1" pintype="passive"/>
      <node ref="SW2" pin="1" pinfunction="1" pintype="passive"/>
    </net>
    <net code="24" name="Net-(J4-Pad2)">
      <node ref="J4" pin="2" pinfunction="Pin_2" pintype="passive"/>
      <node ref="SW2" pin="2" pinfunction="2" pintype="passive"/>
    </net>
    <net code="25" name="Net-(J4-Pad3)">
      <node ref="J4" pin="3" pinfunction="Pin_3" pintype="passive"/>
      <node ref="SW2" pin="3" pinfunction="3" pintype="passive"/>
    </net>
    <net code="26" name="Net-(J4-Pad4)">
      <node ref="J4" pin="4" pinfunction="Pin_4" pintype="passive"/>
      <node ref="SW2" pin="4" pinfunction="4" pintype="passive"/>
    </net>
    <net code="27" name="Net-(J5-Pad1)">
      <node ref="J5" pin="1" pinfunction="Pin_1" pintype="passive"/>
      <node ref="SW3" pin="2" pinfunction="B" pintype="passive"/>
    </net>
    <net code="28" name="Net-(J5-Pad2)">
      <node ref="J5" pin="2" pinfunction="Pin_2" pintype="passive"/>
      <node ref="SW3" pin="5" pinfunction="B" pintype="passive"/>
    </net>
    <net code="29" name="Net-(J5-Pad3)">
      <node ref="J5" pin="3" pinfunction="Pin_3" pintype="passive"/>
      <node ref="SW3" pin="1" pinfunction="A" pintype="passive"/>
      <node ref="SW3" pin="6" pinfunction="C" pintype="passive"/>
    </net>
    <net code="30" name="Net-(J5-Pad4)">
      <node ref="J5" pin="4" pinfunction="Pin_4" pintype="passive"/>
      <node ref="SW3" pin="3" pinfunction="C" pintype="passive"/>
      <node ref="SW3" pin="4" pinfunction="A" pintype="passive"/>
    </net>
    <net code="31" name="unconnected-(J6-Pad1)">
      <node ref="J6" pin="1" pinfunction="Pin_1" pintype="passive"/>
    </net>
    <net code="32" name="unconnected-(J6-Pad2)">
      <node ref="J6" pin="2" pinfunction="Pin_2" pintype="passive"/>
    </net>
    <net code="33" name="unconnected-(J6-Pad3)">
      <node ref="J6" pin="3" pinfunction="Pin_3" pintype="passive"/>
    </net>
    <net code="34" name="unconnected-(J6-Pad4)">
      <node ref="J6" pin="4" pinfunction="Pin_4" pintype="passive"/>
    </net>
    <net code="35" name="unconnected-(J7-Pad1)">
      <node ref="J7" pin="1" pinfunction="Pin_1" pintype="passive"/>
    </net>
    <net code="36" name="unconnected-(J7-Pad2)">
      <node ref="J7" pin="2" pinfunction="Pin_2" pintype="passive"/>
    </net>
    <net code="37" name="unconnected-(J7-Pad3)">
      <node ref="J7" pin="3" pinfunction="Pin_3" pintype="passive"/>
    </net>
    <net code="38" name="unconnected-(J7-Pad4)">
      <node ref="J7" pin="4" pinfunction="Pin_4" pintype="passive"/>
    </net>
  </nets>
</export>
